{
  "description": "项目配置文件。",
  "setting": {
    "urlCheck": false,
    "es6": true,
    "enhance": false,
    "postcss": false,
    "preloadBackgroundData": false,
    "minified": true,
    "newFeature": true,
    "coverView": true,
    "nodeModules": false,
    "autoAudits": false,
    "showShadowRootInWxmlPanel": true,
    "scopeDataCheck": false,
    "uglifyFileName": false,
    "checkInvalidKey": true,
    "checkSiteMap": true,
    "uploadWithSourceMap": true,
    "compileHotReLoad": false,
    "useMultiFrameRuntime": true,
    "useApiHook": true,
    "useApiHostProcess": true,
    "babelSetting": {
      "ignore": [],
      "disablePlugins": [],
      "outputPath": ""
    },
    "enableEngineNative": false,
    "bundle": false,
    "useIsolateContext": true,
    "useCompilerModule": false,
    "userConfirmedUseCompilerModuleSwitch": false,
    "userConfirmedBundleSwitch": false,
    "packNpmManually": false,
    "packNpmRelationList": [],
    "minifyWXSS": true
  },
  "compileType": "miniprogram",
  "libVersion": "2.19.0",
  "appid": "wx0f587d7c97a68e2b",
  "projectname": "%E6%A0%A1%E5%9B%AD%E5%B0%8F%E6%83%85%E4%B9%A6",
  "simulatorType": "wechat",
  "simulatorPluginLibVersion": {},
  "condition": {
    "miniprogram": {
      "list": [
        {
          "name": "卖舍友",
          "pathName": "pages/sale/index/sale",
          "query": ""
        },
        {
          "name": "发表卖舍友",
          "pathName": "pages/sale/post_sale/post_sale",
          "query": ""
        },
        {
          "name": "表白",
          "pathName": "pages/home/post/post",
          "query": "",
          "scene": null
        },
        {
          "name": "情侣脸",
          "pathName": "pages/compare_face/face",
          "query": ""
        },
        {
          "name": "个人中心",
          "pathName": "pages/personal/index/personal",
          "query": ""
        },
        {
          "name": "悬赏令",
          "pathName": "pages/help/help",
          "query": ""
        },
        {
          "name": "步数旅行",
          "pathName": "pages/travel/index/index",
          "query": ""
        },
        {
          "name": "卖舍友详情",
          "pathName": "pages/sale/comment_sale/comment_sale",
          "query": "id=142"
        },
        {
          "name": "互留言",
          "pathName": "pages/personal/letter/letter",
          "query": "friend_id=4058",
          "scene": null
        },
        {
          "name": "表白墙_2",
          "pathName": "pages/home/index_2/index_2",
          "query": "friend_id=4058",
          "scene": null
        },
        {
          "name": "卖舍友2",
          "pathName": "pages/sale/index_2/sale_2",
          "query": "friend_id=4058",
          "scene": null
        }
      ]
    }
  },
  "packOptions": {
    "ignore": [],
    "include": []
  },
  "editorSetting": {
    "tabIndent": "insertSpaces",
    "tabSize": 2
  }
}