<?xml version="1.0" encoding="UTF-8"?>
<!DOCTYPE mapper PUBLIC "-//mybatis.org//DTD Mapper 3.0//EN" "http://mybatis.org/dtd/mybatis-3-mapper.dtd">
<mapper namespace="com.qiguliuxing.dts.db.dao.DtsKeywordMapper">
  <resultMap id="BaseResultMap" type="com.qiguliuxing.dts.db.domain.DtsKeyword">
    <!--
      WARNING - @mbg.generated
      This element is automatically generated by MyBatis Generator, do not modify.
    -->
    <id column="id" jdbcType="INTEGER" property="id" />
    <result column="keyword" jdbcType="VARCHAR" property="keyword" />
    <result column="url" jdbcType="VARCHAR" property="url" />
    <result column="is_hot" jdbcType="BIT" property="isHot" />
    <result column="is_default" jdbcType="BIT" property="isDefault" />
    <result column="sort_order" jdbcType="INTEGER" property="sortOrder" />
    <result column="add_time" jdbcType="TIMESTAMP" property="addTime" />
    <result column="update_time" jdbcType="TIMESTAMP" property="updateTime" />
    <result column="deleted" jdbcType="BIT" property="deleted" />
  </resultMap>
  <sql id="Example_Where_Clause">
    <!--
      WARNING - @mbg.generated
      This element is automatically generated by MyBatis Generator, do not modify.
    -->
    <where>
      <foreach collection="oredCriteria" item="criteria" separator="or">
        <if test="criteria.valid">
          <trim prefix="(" prefixOverrides="and" suffix=")">
            <foreach collection="criteria.criteria" item="criterion">
              <choose>
                <when test="criterion.noValue">
                  and ${criterion.condition}
                </when>
                <when test="criterion.singleValue">
                  and ${criterion.condition} #{criterion.value}
                </when>
                <when test="criterion.betweenValue">
                  and ${criterion.condition} #{criterion.value} and #{criterion.secondValue}
                </when>
                <when test="criterion.listValue">
                  and ${criterion.condition}
                  <foreach close=")" collection="criterion.value" item="listItem" open="(" separator=",">
                    #{listItem}
                  </foreach>
                </when>
              </choose>
            </foreach>
          </trim>
        </if>
      </foreach>
    </where>
  </sql>
  <sql id="Update_By_Example_Where_Clause">
    <!--
      WARNING - @mbg.generated
      This element is automatically generated by MyBatis Generator, do not modify.
    -->
    <where>
      <foreach collection="example.oredCriteria" item="criteria" separator="or">
        <if test="criteria.valid">
          <trim prefix="(" prefixOverrides="and" suffix=")">
            <foreach collection="criteria.criteria" item="criterion">
              <choose>
                <when test="criterion.noValue">
                  and ${criterion.condition}
                </when>
                <when test="criterion.singleValue">
                  and ${criterion.condition} #{criterion.value}
                </when>
                <when test="criterion.betweenValue">
                  and ${criterion.condition} #{criterion.value} and #{criterion.secondValue}
                </when>
                <when test="criterion.listValue">
                  and ${criterion.condition}
                  <foreach close=")" collection="criterion.value" item="listItem" open="(" separator=",">
                    #{listItem}
                  </foreach>
                </when>
              </choose>
            </foreach>
          </trim>
        </if>
      </foreach>
    </where>
  </sql>
  <sql id="Base_Column_List">
    <!--
      WARNING - @mbg.generated
      This element is automatically generated by MyBatis Generator, do not modify.
    -->
    id, keyword, url, is_hot, is_default, sort_order, add_time, update_time, deleted
  </sql>
  <select id="selectByExample" parameterType="com.qiguliuxing.dts.db.domain.DtsKeywordExample" resultMap="BaseResultMap">
    <!--
      WARNING - @mbg.generated
      This element is automatically generated by MyBatis Generator, do not modify.
    -->
    select
    <if test="distinct">
      distinct
    </if>
    <include refid="Base_Column_List" />
    from dts_keyword
    <if test="_parameter != null">
      <include refid="Example_Where_Clause" />
    </if>
    <if test="orderByClause != null">
      order by ${orderByClause}
    </if>
  </select>
  <select id="selectByExampleSelective" parameterType="map" resultMap="BaseResultMap">
    <!--
      WARNING - @mbg.generated
      This element is automatically generated by MyBatis Generator, do not modify.
      @project https://github.com/itfsw/mybatis-generator-plugin
    -->
    select
    <if test="example.distinct">
      distinct
    </if>
    <choose>
      <when test="selective != null and selective.length &gt; 0">
        <foreach collection="selective" item="column" separator=",">
          ${column.escapedColumnName}
        </foreach>
      </when>
      <otherwise>
        id, keyword, url, is_hot, is_default, sort_order, add_time, update_time, deleted
      </otherwise>
    </choose>
    from dts_keyword
    <if test="_parameter != null">
      <include refid="Update_By_Example_Where_Clause" />
    </if>
    <if test="example.orderByClause != null">
      order by ${example.orderByClause}
    </if>
  </select>
  <select id="selectByPrimaryKey" parameterType="java.lang.Integer" resultMap="BaseResultMap">
    <!--
      WARNING - @mbg.generated
      This element is automatically generated by MyBatis Generator, do not modify.
    -->
    select 
    <include refid="Base_Column_List" />
    from dts_keyword
    where id = #{id,jdbcType=INTEGER}
  </select>
  <select id="selectByPrimaryKeyWithLogicalDelete" parameterType="map" resultMap="BaseResultMap">
    <!--
      WARNING - @mbg.generated
      This element is automatically generated by MyBatis Generator, do not modify.
      @project https://github.com/itfsw/mybatis-generator-plugin
    -->
    <!--
      WARNING - @mbg.generated
      This element is automatically generated by MyBatis Generator, do not modify.
    -->
    select 
    <include refid="Base_Column_List" />
    from dts_keyword
    where id = #{id,jdbcType=INTEGER}
      and deleted = 
    <choose>
      <when test="andLogicalDeleted">
        1
      </when>
      <otherwise>
        0
      </otherwise>
    </choose>
  </select>
  <select id="selectByPrimaryKeySelective" parameterType="map" resultMap="BaseResultMap">
    <!--
      WARNING - @mbg.generated
      This element is automatically generated by MyBatis Generator, do not modify.
      @project https://github.com/itfsw/mybatis-generator-plugin
    -->
    select
    <choose>
      <when test="selective != null and selective.length &gt; 0">
        <foreach collection="selective" item="column" separator=",">
          ${column.escapedColumnName}
        </foreach>
      </when>
      <otherwise>
        id, keyword, url, is_hot, is_default, sort_order, add_time, update_time, deleted
      </otherwise>
    </choose>
    from dts_keyword
    where id = #{id,jdbcType=INTEGER}
  </select>
  <delete id="deleteByPrimaryKey" parameterType="java.lang.Integer">
    <!--
      WARNING - @mbg.generated
      This element is automatically generated by MyBatis Generator, do not modify.
    -->
    delete from dts_keyword
    where id = #{id,jdbcType=INTEGER}
  </delete>
  <delete id="deleteByExample" parameterType="com.qiguliuxing.dts.db.domain.DtsKeywordExample">
    <!--
      WARNING - @mbg.generated
      This element is automatically generated by MyBatis Generator, do not modify.
    -->
    delete from dts_keyword
    <if test="_parameter != null">
      <include refid="Example_Where_Clause" />
    </if>
  </delete>
  <insert id="insert" parameterType="com.qiguliuxing.dts.db.domain.DtsKeyword">
    <!--
      WARNING - @mbg.generated
      This element is automatically generated by MyBatis Generator, do not modify.
    -->
    <selectKey keyProperty="id" order="AFTER" resultType="java.lang.Integer">
      SELECT LAST_INSERT_ID()
    </selectKey>
    insert into dts_keyword (keyword, url, is_hot, 
      is_default, sort_order, add_time, 
      update_time, deleted)
    values (#{keyword,jdbcType=VARCHAR}, #{url,jdbcType=VARCHAR}, #{isHot,jdbcType=BIT}, 
      #{isDefault,jdbcType=BIT}, #{sortOrder,jdbcType=INTEGER}, #{addTime,jdbcType=TIMESTAMP}, 
      #{updateTime,jdbcType=TIMESTAMP}, #{deleted,jdbcType=BIT})
  </insert>
  <insert id="insertSelective" parameterType="com.qiguliuxing.dts.db.domain.DtsKeyword">
    <!--
      WARNING - @mbg.generated
      This element is automatically generated by MyBatis Generator, do not modify.
    -->
    <selectKey keyProperty="id" order="AFTER" resultType="java.lang.Integer">
      SELECT LAST_INSERT_ID()
    </selectKey>
    insert into dts_keyword
    <trim prefix="(" suffix=")" suffixOverrides=",">
      <if test="keyword != null">
        keyword,
      </if>
      <if test="url != null">
        url,
      </if>
      <if test="isHot != null">
        is_hot,
      </if>
      <if test="isDefault != null">
        is_default,
      </if>
      <if test="sortOrder != null">
        sort_order,
      </if>
      <if test="addTime != null">
        add_time,
      </if>
      <if test="updateTime != null">
        update_time,
      </if>
      <if test="deleted != null">
        deleted,
      </if>
    </trim>
    <trim prefix="values (" suffix=")" suffixOverrides=",">
      <if test="keyword != null">
        #{keyword,jdbcType=VARCHAR},
      </if>
      <if test="url != null">
        #{url,jdbcType=VARCHAR},
      </if>
      <if test="isHot != null">
        #{isHot,jdbcType=BIT},
      </if>
      <if test="isDefault != null">
        #{isDefault,jdbcType=BIT},
      </if>
      <if test="sortOrder != null">
        #{sortOrder,jdbcType=INTEGER},
      </if>
      <if test="addTime != null">
        #{addTime,jdbcType=TIMESTAMP},
      </if>
      <if test="updateTime != null">
        #{updateTime,jdbcType=TIMESTAMP},
      </if>
      <if test="deleted != null">
        #{deleted,jdbcType=BIT},
      </if>
    </trim>
  </insert>
  <select id="countByExample" parameterType="com.qiguliuxing.dts.db.domain.DtsKeywordExample" resultType="java.lang.Long">
    <!--
      WARNING - @mbg.generated
      This element is automatically generated by MyBatis Generator, do not modify.
    -->
    select count(*) from dts_keyword
    <if test="_parameter != null">
      <include refid="Example_Where_Clause" />
    </if>
  </select>
  <update id="updateByExampleSelective" parameterType="map">
    <!--
      WARNING - @mbg.generated
      This element is automatically generated by MyBatis Generator, do not modify.
    -->
    update dts_keyword
    <set>
      <if test="record.id != null">
        id = #{record.id,jdbcType=INTEGER},
      </if>
      <if test="record.keyword != null">
        keyword = #{record.keyword,jdbcType=VARCHAR},
      </if>
      <if test="record.url != null">
        url = #{record.url,jdbcType=VARCHAR},
      </if>
      <if test="record.isHot != null">
        is_hot = #{record.isHot,jdbcType=BIT},
      </if>
      <if test="record.isDefault != null">
        is_default = #{record.isDefault,jdbcType=BIT},
      </if>
      <if test="record.sortOrder != null">
        sort_order = #{record.sortOrder,jdbcType=INTEGER},
      </if>
      <if test="record.addTime != null">
        add_time = #{record.addTime,jdbcType=TIMESTAMP},
      </if>
      <if test="record.updateTime != null">
        update_time = #{record.updateTime,jdbcType=TIMESTAMP},
      </if>
      <if test="record.deleted != null">
        deleted = #{record.deleted,jdbcType=BIT},
      </if>
    </set>
    <if test="_parameter != null">
      <include refid="Update_By_Example_Where_Clause" />
    </if>
  </update>
  <update id="updateByExample" parameterType="map">
    <!--
      WARNING - @mbg.generated
      This element is automatically generated by MyBatis Generator, do not modify.
    -->
    update dts_keyword
    set id = #{record.id,jdbcType=INTEGER},
      keyword = #{record.keyword,jdbcType=VARCHAR},
      url = #{record.url,jdbcType=VARCHAR},
      is_hot = #{record.isHot,jdbcType=BIT},
      is_default = #{record.isDefault,jdbcType=BIT},
      sort_order = #{record.sortOrder,jdbcType=INTEGER},
      add_time = #{record.addTime,jdbcType=TIMESTAMP},
      update_time = #{record.updateTime,jdbcType=TIMESTAMP},
      deleted = #{record.deleted,jdbcType=BIT}
    <if test="_parameter != null">
      <include refid="Update_By_Example_Where_Clause" />
    </if>
  </update>
  <update id="updateByPrimaryKeySelective" parameterType="com.qiguliuxing.dts.db.domain.DtsKeyword">
    <!--
      WARNING - @mbg.generated
      This element is automatically generated by MyBatis Generator, do not modify.
    -->
    update dts_keyword
    <set>
      <if test="keyword != null">
        keyword = #{keyword,jdbcType=VARCHAR},
      </if>
      <if test="url != null">
        url = #{url,jdbcType=VARCHAR},
      </if>
      <if test="isHot != null">
        is_hot = #{isHot,jdbcType=BIT},
      </if>
      <if test="isDefault != null">
        is_default = #{isDefault,jdbcType=BIT},
      </if>
      <if test="sortOrder != null">
        sort_order = #{sortOrder,jdbcType=INTEGER},
      </if>
      <if test="addTime != null">
        add_time = #{addTime,jdbcType=TIMESTAMP},
      </if>
      <if test="updateTime != null">
        update_time = #{updateTime,jdbcType=TIMESTAMP},
      </if>
      <if test="deleted != null">
        deleted = #{deleted,jdbcType=BIT},
      </if>
    </set>
    where id = #{id,jdbcType=INTEGER}
  </update>
  <update id="updateByPrimaryKey" parameterType="com.qiguliuxing.dts.db.domain.DtsKeyword">
    <!--
      WARNING - @mbg.generated
      This element is automatically generated by MyBatis Generator, do not modify.
    -->
    update dts_keyword
    set keyword = #{keyword,jdbcType=VARCHAR},
      url = #{url,jdbcType=VARCHAR},
      is_hot = #{isHot,jdbcType=BIT},
      is_default = #{isDefault,jdbcType=BIT},
      sort_order = #{sortOrder,jdbcType=INTEGER},
      add_time = #{addTime,jdbcType=TIMESTAMP},
      update_time = #{updateTime,jdbcType=TIMESTAMP},
      deleted = #{deleted,jdbcType=BIT}
    where id = #{id,jdbcType=INTEGER}
  </update>
  <select id="selectOneByExample" parameterType="com.qiguliuxing.dts.db.domain.DtsKeywordExample" resultMap="BaseResultMap">
    <!--
      WARNING - @mbg.generated
      This element is automatically generated by MyBatis Generator, do not modify.
      @project https://github.com/itfsw/mybatis-generator-plugin
    -->
    select
    <include refid="Base_Column_List" />
    from dts_keyword
    <if test="_parameter != null">
      <include refid="Example_Where_Clause" />
    </if>
    <if test="orderByClause != null">
      order by ${orderByClause}
    </if>
    limit 1
  </select>
  <select id="selectOneByExampleSelective" parameterType="map" resultMap="BaseResultMap">
    <!--
      WARNING - @mbg.generated
      This element is automatically generated by MyBatis Generator, do not modify.
      @project https://github.com/itfsw/mybatis-generator-plugin
    -->
    select
    <choose>
      <when test="selective != null and selective.length &gt; 0">
        <foreach collection="selective" item="column" separator=",">
          ${column.escapedColumnName}
        </foreach>
      </when>
      <otherwise>
        id, keyword, url, is_hot, is_default, sort_order, add_time, update_time, deleted
      </otherwise>
    </choose>
    from dts_keyword
    <if test="_parameter != null">
      <include refid="Update_By_Example_Where_Clause" />
    </if>
    <if test="example.orderByClause != null">
      order by ${example.orderByClause}
    </if>
    limit 1
  </select>
  <update id="logicalDeleteByExample" parameterType="map">
    <!--
      WARNING - @mbg.generated
      This element is automatically generated by MyBatis Generator, do not modify.
      @project https://github.com/itfsw/mybatis-generator-plugin
    -->
    update dts_keyword set deleted = 1
    <if test="_parameter != null">
      <include refid="Update_By_Example_Where_Clause" />
    </if>
  </update>
  <update id="logicalDeleteByPrimaryKey" parameterType="java.lang.Integer">
    <!--
      WARNING - @mbg.generated
      This element is automatically generated by MyBatis Generator, do not modify.
      @project https://github.com/itfsw/mybatis-generator-plugin
    -->
    update dts_keyword set deleted = 1
    where id = #{id,jdbcType=INTEGER}
  </update>
</mapper>