<?xml version="1.0" encoding="UTF-8"?>
<!DOCTYPE mapper PUBLIC "-//mybatis.org//DTD Mapper 3.0//EN" "http://mybatis.org/dtd/mybatis-3-mapper.dtd">
<mapper namespace="com.qiguliuxing.dts.db.dao.DtsRoleMapper">
  <resultMap id="BaseResultMap" type="com.qiguliuxing.dts.db.domain.DtsRole">
    <!--
      WARNING - @mbg.generated
      This element is automatically generated by MyBatis Generator, do not modify.
    -->
    <id column="id" jdbcType="INTEGER" property="id" />
    <result column="name" jdbcType="VARCHAR" property="name" />
    <result column="desc" jdbcType="VARCHAR" property="desc" />
    <result column="enabled" jdbcType="BIT" property="enabled" />
    <result column="add_time" jdbcType="TIMESTAMP" property="addTime" />
    <result column="update_time" jdbcType="TIMESTAMP" property="updateTime" />
    <result column="deleted" jdbcType="BIT" property="deleted" />
  </resultMap>
  <sql id="Example_Where_Clause">
    <!--
      WARNING - @mbg.generated
      This element is automatically generated by MyBatis Generator, do not modify.
    -->
    <where>
      <foreach collection="oredCriteria" item="criteria" separator="or">
        <if test="criteria.valid">
          <trim prefix="(" prefixOverrides="and" suffix=")">
            <foreach collection="criteria.criteria" item="criterion">
              <choose>
                <when test="criterion.noValue">
                  and ${criterion.condition}
                </when>
                <when test="criterion.singleValue">
                  and ${criterion.condition} #{criterion.value}
                </when>
                <when test="criterion.betweenValue">
                  and ${criterion.condition} #{criterion.value} and #{criterion.secondValue}
                </when>
                <when test="criterion.listValue">
                  and ${criterion.condition}
                  <foreach close=")" collection="criterion.value" item="listItem" open="(" separator=",">
                    #{listItem}
                  </foreach>
                </when>
              </choose>
            </foreach>
          </trim>
        </if>
      </foreach>
    </where>
  </sql>
  <sql id="Update_By_Example_Where_Clause">
    <!--
      WARNING - @mbg.generated
      This element is automatically generated by MyBatis Generator, do not modify.
    -->
    <where>
      <foreach collection="example.oredCriteria" item="criteria" separator="or">
        <if test="criteria.valid">
          <trim prefix="(" prefixOverrides="and" suffix=")">
            <foreach collection="criteria.criteria" item="criterion">
              <choose>
                <when test="criterion.noValue">
                  and ${criterion.condition}
                </when>
                <when test="criterion.singleValue">
                  and ${criterion.condition} #{criterion.value}
                </when>
                <when test="criterion.betweenValue">
                  and ${criterion.condition} #{criterion.value} and #{criterion.secondValue}
                </when>
                <when test="criterion.listValue">
                  and ${criterion.condition}
                  <foreach close=")" collection="criterion.value" item="listItem" open="(" separator=",">
                    #{listItem}
                  </foreach>
                </when>
              </choose>
            </foreach>
          </trim>
        </if>
      </foreach>
    </where>
  </sql>
  <sql id="Base_Column_List">
    <!--
      WARNING - @mbg.generated
      This element is automatically generated by MyBatis Generator, do not modify.
    -->
    id, `name`, `desc`, enabled, add_time, update_time, deleted
  </sql>
  <select id="selectByExample" parameterType="com.qiguliuxing.dts.db.domain.DtsRoleExample" resultMap="BaseResultMap">
    <!--
      WARNING - @mbg.generated
      This element is automatically generated by MyBatis Generator, do not modify.
    -->
    select
    <if test="distinct">
      distinct
    </if>
    <include refid="Base_Column_List" />
    from dts_role
    <if test="_parameter != null">
      <include refid="Example_Where_Clause" />
    </if>
    <if test="orderByClause != null">
      order by ${orderByClause}
    </if>
  </select>
  <select id="selectByExampleSelective" parameterType="map" resultMap="BaseResultMap">
    <!--
      WARNING - @mbg.generated
      This element is automatically generated by MyBatis Generator, do not modify.
      @project https://github.com/itfsw/mybatis-generator-plugin
    -->
    select
    <if test="example.distinct">
      distinct
    </if>
    <choose>
      <when test="selective != null and selective.length &gt; 0">
        <foreach collection="selective" item="column" separator=",">
          ${column.escapedColumnName}
        </foreach>
      </when>
      <otherwise>
        id, `name`, `desc`, enabled, add_time, update_time, deleted
      </otherwise>
    </choose>
    from dts_role
    <if test="_parameter != null">
      <include refid="Update_By_Example_Where_Clause" />
    </if>
    <if test="example.orderByClause != null">
      order by ${example.orderByClause}
    </if>
  </select>
  <select id="selectByPrimaryKey" parameterType="java.lang.Integer" resultMap="BaseResultMap">
    <!--
      WARNING - @mbg.generated
      This element is automatically generated by MyBatis Generator, do not modify.
    -->
    select 
    <include refid="Base_Column_List" />
    from dts_role
    where id = #{id,jdbcType=INTEGER}
  </select>
  <select id="selectByPrimaryKeyWithLogicalDelete" parameterType="map" resultMap="BaseResultMap">
    <!--
      WARNING - @mbg.generated
      This element is automatically generated by MyBatis Generator, do not modify.
      @project https://github.com/itfsw/mybatis-generator-plugin
    -->
    <!--
      WARNING - @mbg.generated
      This element is automatically generated by MyBatis Generator, do not modify.
    -->
    select 
    <include refid="Base_Column_List" />
    from dts_role
    where id = #{id,jdbcType=INTEGER}
      and deleted = 
    <choose>
      <when test="andLogicalDeleted">
        1
      </when>
      <otherwise>
        0
      </otherwise>
    </choose>
  </select>
  <select id="selectByPrimaryKeySelective" parameterType="map" resultMap="BaseResultMap">
    <!--
      WARNING - @mbg.generated
      This element is automatically generated by MyBatis Generator, do not modify.
      @project https://github.com/itfsw/mybatis-generator-plugin
    -->
    select
    <choose>
      <when test="selective != null and selective.length &gt; 0">
        <foreach collection="selective" item="column" separator=",">
          ${column.escapedColumnName}
        </foreach>
      </when>
      <otherwise>
        id, `name`, `desc`, enabled, add_time, update_time, deleted
      </otherwise>
    </choose>
    from dts_role
    where id = #{id,jdbcType=INTEGER}
  </select>
  <delete id="deleteByPrimaryKey" parameterType="java.lang.Integer">
    <!--
      WARNING - @mbg.generated
      This element is automatically generated by MyBatis Generator, do not modify.
    -->
    delete from dts_role
    where id = #{id,jdbcType=INTEGER}
  </delete>
  <delete id="deleteByExample" parameterType="com.qiguliuxing.dts.db.domain.DtsRoleExample">
    <!--
      WARNING - @mbg.generated
      This element is automatically generated by MyBatis Generator, do not modify.
    -->
    delete from dts_role
    <if test="_parameter != null">
      <include refid="Example_Where_Clause" />
    </if>
  </delete>
  <insert id="insert" parameterType="com.qiguliuxing.dts.db.domain.DtsRole">
    <!--
      WARNING - @mbg.generated
      This element is automatically generated by MyBatis Generator, do not modify.
    -->
    <selectKey keyProperty="id" order="AFTER" resultType="java.lang.Integer">
      SELECT LAST_INSERT_ID()
    </selectKey>
    insert into dts_role (`name`, `desc`, enabled, 
      add_time, update_time, deleted
      )
    values (#{name,jdbcType=VARCHAR}, #{desc,jdbcType=VARCHAR}, #{enabled,jdbcType=BIT}, 
      #{addTime,jdbcType=TIMESTAMP}, #{updateTime,jdbcType=TIMESTAMP}, #{deleted,jdbcType=BIT}
      )
  </insert>
  <insert id="insertSelective" parameterType="com.qiguliuxing.dts.db.domain.DtsRole">
    <!--
      WARNING - @mbg.generated
      This element is automatically generated by MyBatis Generator, do not modify.
    -->
    <selectKey keyProperty="id" order="AFTER" resultType="java.lang.Integer">
      SELECT LAST_INSERT_ID()
    </selectKey>
    insert into dts_role
    <trim prefix="(" suffix=")" suffixOverrides=",">
      <if test="name != null">
        `name`,
      </if>
      <if test="desc != null">
        `desc`,
      </if>
      <if test="enabled != null">
        enabled,
      </if>
      <if test="addTime != null">
        add_time,
      </if>
      <if test="updateTime != null">
        update_time,
      </if>
      <if test="deleted != null">
        deleted,
      </if>
    </trim>
    <trim prefix="values (" suffix=")" suffixOverrides=",">
      <if test="name != null">
        #{name,jdbcType=VARCHAR},
      </if>
      <if test="desc != null">
        #{desc,jdbcType=VARCHAR},
      </if>
      <if test="enabled != null">
        #{enabled,jdbcType=BIT},
      </if>
      <if test="addTime != null">
        #{addTime,jdbcType=TIMESTAMP},
      </if>
      <if test="updateTime != null">
        #{updateTime,jdbcType=TIMESTAMP},
      </if>
      <if test="deleted != null">
        #{deleted,jdbcType=BIT},
      </if>
    </trim>
  </insert>
  <select id="countByExample" parameterType="com.qiguliuxing.dts.db.domain.DtsRoleExample" resultType="java.lang.Long">
    <!--
      WARNING - @mbg.generated
      This element is automatically generated by MyBatis Generator, do not modify.
    -->
    select count(*) from dts_role
    <if test="_parameter != null">
      <include refid="Example_Where_Clause" />
    </if>
  </select>
  <update id="updateByExampleSelective" parameterType="map">
    <!--
      WARNING - @mbg.generated
      This element is automatically generated by MyBatis Generator, do not modify.
    -->
    update dts_role
    <set>
      <if test="record.id != null">
        id = #{record.id,jdbcType=INTEGER},
      </if>
      <if test="record.name != null">
        `name` = #{record.name,jdbcType=VARCHAR},
      </if>
      <if test="record.desc != null">
        `desc` = #{record.desc,jdbcType=VARCHAR},
      </if>
      <if test="record.enabled != null">
        enabled = #{record.enabled,jdbcType=BIT},
      </if>
      <if test="record.addTime != null">
        add_time = #{record.addTime,jdbcType=TIMESTAMP},
      </if>
      <if test="record.updateTime != null">
        update_time = #{record.updateTime,jdbcType=TIMESTAMP},
      </if>
      <if test="record.deleted != null">
        deleted = #{record.deleted,jdbcType=BIT},
      </if>
    </set>
    <if test="_parameter != null">
      <include refid="Update_By_Example_Where_Clause" />
    </if>
  </update>
  <update id="updateByExample" parameterType="map">
    <!--
      WARNING - @mbg.generated
      This element is automatically generated by MyBatis Generator, do not modify.
    -->
    update dts_role
    set id = #{record.id,jdbcType=INTEGER},
      `name` = #{record.name,jdbcType=VARCHAR},
      `desc` = #{record.desc,jdbcType=VARCHAR},
      enabled = #{record.enabled,jdbcType=BIT},
      add_time = #{record.addTime,jdbcType=TIMESTAMP},
      update_time = #{record.updateTime,jdbcType=TIMESTAMP},
      deleted = #{record.deleted,jdbcType=BIT}
    <if test="_parameter != null">
      <include refid="Update_By_Example_Where_Clause" />
    </if>
  </update>
  <update id="updateByPrimaryKeySelective" parameterType="com.qiguliuxing.dts.db.domain.DtsRole">
    <!--
      WARNING - @mbg.generated
      This element is automatically generated by MyBatis Generator, do not modify.
    -->
    update dts_role
    <set>
      <if test="name != null">
        `name` = #{name,jdbcType=VARCHAR},
      </if>
      <if test="desc != null">
        `desc` = #{desc,jdbcType=VARCHAR},
      </if>
      <if test="enabled != null">
        enabled = #{enabled,jdbcType=BIT},
      </if>
      <if test="addTime != null">
        add_time = #{addTime,jdbcType=TIMESTAMP},
      </if>
      <if test="updateTime != null">
        update_time = #{updateTime,jdbcType=TIMESTAMP},
      </if>
      <if test="deleted != null">
        deleted = #{deleted,jdbcType=BIT},
      </if>
    </set>
    where id = #{id,jdbcType=INTEGER}
  </update>
  <update id="updateByPrimaryKey" parameterType="com.qiguliuxing.dts.db.domain.DtsRole">
    <!--
      WARNING - @mbg.generated
      This element is automatically generated by MyBatis Generator, do not modify.
    -->
    update dts_role
    set `name` = #{name,jdbcType=VARCHAR},
      `desc` = #{desc,jdbcType=VARCHAR},
      enabled = #{enabled,jdbcType=BIT},
      add_time = #{addTime,jdbcType=TIMESTAMP},
      update_time = #{updateTime,jdbcType=TIMESTAMP},
      deleted = #{deleted,jdbcType=BIT}
    where id = #{id,jdbcType=INTEGER}
  </update>
  <select id="selectOneByExample" parameterType="com.qiguliuxing.dts.db.domain.DtsRoleExample" resultMap="BaseResultMap">
    <!--
      WARNING - @mbg.generated
      This element is automatically generated by MyBatis Generator, do not modify.
      @project https://github.com/itfsw/mybatis-generator-plugin
    -->
    select
    <include refid="Base_Column_List" />
    from dts_role
    <if test="_parameter != null">
      <include refid="Example_Where_Clause" />
    </if>
    <if test="orderByClause != null">
      order by ${orderByClause}
    </if>
    limit 1
  </select>
  <select id="selectOneByExampleSelective" parameterType="map" resultMap="BaseResultMap">
    <!--
      WARNING - @mbg.generated
      This element is automatically generated by MyBatis Generator, do not modify.
      @project https://github.com/itfsw/mybatis-generator-plugin
    -->
    select
    <choose>
      <when test="selective != null and selective.length &gt; 0">
        <foreach collection="selective" item="column" separator=",">
          ${column.escapedColumnName}
        </foreach>
      </when>
      <otherwise>
        id, `name`, `desc`, enabled, add_time, update_time, deleted
      </otherwise>
    </choose>
    from dts_role
    <if test="_parameter != null">
      <include refid="Update_By_Example_Where_Clause" />
    </if>
    <if test="example.orderByClause != null">
      order by ${example.orderByClause}
    </if>
    limit 1
  </select>
  <update id="logicalDeleteByExample" parameterType="map">
    <!--
      WARNING - @mbg.generated
      This element is automatically generated by MyBatis Generator, do not modify.
      @project https://github.com/itfsw/mybatis-generator-plugin
    -->
    update dts_role set deleted = 1
    <if test="_parameter != null">
      <include refid="Update_By_Example_Where_Clause" />
    </if>
  </update>
  <update id="logicalDeleteByPrimaryKey" parameterType="java.lang.Integer">
    <!--
      WARNING - @mbg.generated
      This element is automatically generated by MyBatis Generator, do not modify.
      @project https://github.com/itfsw/mybatis-generator-plugin
    -->
    update dts_role set deleted = 1
    where id = #{id,jdbcType=INTEGER}
  </update>
</mapper>